district,Month_Num,Rainfall_mm,Year,Temperature_C,Soil_Recharge_Factor,Groundwater_Level_mBGL,,,District
,January,0,2023,22,0.7,6.695,,,ADILABAD
ADILABAD,February,0,2023,24,0.7,7.996923077,,,ADILABAD
ADILABAD,March,49.4,2023,28,0.7,8.9236,,,ADILABAD
ADILABAD,April,60,2023,32,0.7,9.9288,,,ADILABAD
ADILABAD,May,54.3,2023,35,0.7,8.8608,,,ADILABAD
ADILABAD,June,76.2,2023,31,0.7,9.3824,,,ADILABAD
ADILABAD,July,324,2023,28,0.7,3.296923077,,,ADILABAD
ADILABAD,August,69.1,2023,27,0.7,2.884230769,,,ADILABAD
ADILABAD,September,78.1,2023,28,0.7,2.700384615,,,ADILABAD
ADILABAD,October,22.4,2023,27,0.7,3.550384615,,,ADILABAD
ADILABAD,November,41.9,2023,24,0.7,5.008846154,,,ADILABAD
ADILABAD,December,3.6,2023,22,0.7,5.933461538,,,ADILABAD
ADILABAD,January,2.7,2024,22.5,0.7,6.695,,,ADILABAD
ADILABAD,February,13.4,2024,24.5,0.7,7.996923077,,,ADILABAD
ADILABAD,March,34.7,2024,28.5,0.7,8.9236,,,ADILABAD
ADILABAD,April,28.5,2024,32.5,0.7,9.9288,,,ADILABAD
ADILABAD,May,25.8,2024,35.5,0.7,8.8608,,,ADILABAD
ADILABAD,June,137,2024,31.5,0.7,9.3824,,,ADILABAD
ADILABAD,July,103.7,2024,28.5,0.7,3.296923077,,,ADILABAD
ADILABAD,August,71.6,2024,27.5,0.7,2.884230769,,,ADILABAD
ADILABAD,September,167.5,2024,28.5,0.7,2.700384615,,,ADILABAD
ADILABAD,October,51.5,2024,27.5,0.7,3.550384615,,,ADILABAD
ADILABAD,November,27.3,2024,24.5,0.7,5.008846154,,,ADILABAD
ADILABAD,December,13.5,2024,22.5,0.7,5.933461538,,,ADILABAD
BHADRADRI KOTHAGUDEM,January,0,2023,23,0.6,7.607662338,,,BHADRADRI KOTHAGUDEM
BHADRADRI KOTHAGUDEM,February,0,2023,25,0.6,8.835974026,,,BHADRADRI KOTHAGUDEM
BHADRADRI KOTHAGUDEM,March,100.3,2023,29,0.6,9.460779221,,,BHADRADRI KOTHAGUDEM
BHADRADRI KOTHAGUDEM,April,58,2023,33,0.6,9.743376623,,,BHADRADRI KOTHAGUDEM
BHADRADRI KOTHAGUDEM,May,62.4,2023,36,0.6,9.460470588,,,BHADRADRI KOTHAGUDEM
BHADRADRI KOTHAGUDEM,June,55.5,2023,32,0.6,9.758974359,,,BHADRADRI KOTHAGUDEM
BHADRADRI KOTHAGUDEM,July,387.2,2023,29,0.6,7.676025641,,,BHADRADRI KOTHAGUDEM
BHADRADRI KOTHAGUDEM,August,120.4,2023,28,0.6,5.238928571,,,BHADRADRI KOTHAGUDEM
BHADRADRI KOTHAGUDEM,September,78.2,2023,29,0.6,4.692209302,,,BHADRADRI KOTHAGUDEM
BHADRADRI KOTHAGUDEM,October,45,2023,28,0.6,4.948372093,,,BHADRADRI KOTHAGUDEM
BHADRADRI KOTHAGUDEM,November,62.2,2023,25,0.6,6.072117647,,,BHADRADRI KOTHAGUDEM
BHADRADRI KOTHAGUDEM,December,324.2,2023,23,0.6,7.070394737,,,BHADRADRI KOTHAGUDEM
BHADRADRI KOTHAGUDEM,January,3.2,2024,23.5,0.6,7.607662338,,,BHADRADRI KOTHAGUDEM
BHADRADRI KOTHAGUDEM,February,0.4,2024,25.5,0.6,8.835974026,,,BHADRADRI KOTHAGUDEM
BHADRADRI KOTHAGUDEM,March,2.9,2024,29.5,0.6,9.460779221,,,BHADRADRI KOTHAGUDEM
BHADRADRI KOTHAGUDEM,April,51,2024,33.5,0.6,9.743376623,,,BHADRADRI KOTHAGUDEM
BHADRADRI KOTHAGUDEM,May,86,2024,36.5,0.6,9.460470588,,,BHADRADRI KOTHAGUDEM
BHADRADRI KOTHAGUDEM,June,111,2024,32.5,0.6,9.758974359,,,BHADRADRI KOTHAGUDEM
BHADRADRI KOTHAGUDEM,July,138.5,2024,29.5,0.6,7.676025641,,,BHADRADRI KOTHAGUDEM
BHADRADRI KOTHAGUDEM,August,93.7,2024,28.5,0.6,5.238928571,,,BHADRADRI KOTHAGUDEM
BHADRADRI KOTHAGUDEM,September,316.4,2024,29.5,0.6,4.692209302,,,BHADRADRI KOTHAGUDEM
BHADRADRI KOTHAGUDEM,October,65.2,2024,28.5,0.6,4.948372093,,,BHADRADRI KOTHAGUDEM
BHADRADRI KOTHAGUDEM,November,54.6,2024,25.5,0.6,6.072117647,,,BHADRADRI KOTHAGUDEM
BHADRADRI KOTHAGUDEM,December,25.1,2024,23.5,0.6,7.070394737,,,BHADRADRI KOTHAGUDEM
WARANGAL URBAN,January,0.5,2023,23,0.55,3.911111111,,,WARANGAL URBAN
WARANGAL URBAN,February,0,2023,25,0.55,5.671666667,,,WARANGAL URBAN
WARANGAL URBAN,March,67.8,2023,29,0.55,5.921666667,,,WARANGAL URBAN
WARANGAL URBAN,April,40.4,2023,33,0.55,5.55,,,WARANGAL URBAN
WARANGAL URBAN,May,78.6,2023,36,0.55,4.834444444,,,WARANGAL URBAN
WARANGAL URBAN,June,52.8,2023,32,0.55,5.609444444,,,WARANGAL URBAN
WARANGAL URBAN,July,459.6,2023,29,0.55,2.803888889,,,WARANGAL URBAN
WARANGAL URBAN,August,54.6,2023,28,0.55,1.534210526,,,WARANGAL URBAN
WARANGAL URBAN,September,125.4,2023,29,0.55,1.345789474,,,WARANGAL URBAN
WARANGAL URBAN,October,14.3,2023,28,0.55,1.621578947,,,WARANGAL URBAN
WARANGAL URBAN,November,32.4,2023,25,0.55,2.393888889,,,WARANGAL URBAN
WARANGAL URBAN,December,17.4,2023,23,0.55,3.161111111,,,WARANGAL URBAN
WARANGAL URBAN,January,3.8,2024,23.5,0.55,3.911111111,,,WARANGAL URBAN
WARANGAL URBAN,February,0,2024,25.5,0.55,5.671666667,,,WARANGAL URBAN
WARANGAL URBAN,March,3.1,2024,29.5,0.55,5.921666667,,,WARANGAL URBAN
WARANGAL URBAN,April,16.6,2024,33.5,0.55,5.55,,,WARANGAL URBAN
WARANGAL URBAN,May,128.4,2024,36.5,0.55,4.834444444,,,WARANGAL URBAN
WARANGAL URBAN,June,63.3,2024,32.5,0.55,5.609444444,,,WARANGAL URBAN
WARANGAL URBAN,July,92.1,2024,29.5,0.55,2.803888889,,,WARANGAL URBAN
WARANGAL URBAN,August,63,2024,28.5,0.55,1.534210526,,,WARANGAL URBAN
WARANGAL URBAN,September,105.5,2024,29.5,0.55,1.345789474,,,WARANGAL URBAN
WARANGAL URBAN,October,52.8,2024,28.5,0.55,1.621578947,,,WARANGAL URBAN
WARANGAL URBAN,November,2.9,2024,25.5,0.55,2.393888889,,,WARANGAL URBAN
WARANGAL URBAN,December,33.2,2024,23.5,0.55,3.161111111,,,WARANGAL URBAN
HYDERABAD,January,0.5,2023,23,0.36,6.8555,,,HYDERABAD
HYDERABAD,February,0,2023,25,0.36,7.977,,,HYDERABAD
HYDERABAD,March,40.9,2023,29,0.36,8.807894737,,,HYDERABAD
HYDERABAD,April,66.8,2023,33,0.36,9.358421053,,,HYDERABAD
HYDERABAD,May,74.4,2023,36,0.36,8.536842105,,,HYDERABAD
HYDERABAD,June,56.3,2023,32,0.36,9.141578947,,,HYDERABAD
HYDERABAD,July,85.5,2023,29,0.36,5.451578947,,,HYDERABAD
HYDERABAD,August,50.7,2023,28,0.36,4.396,,,HYDERABAD
HYDERABAD,September,98,2023,29,0.36,3.989,,,HYDERABAD
HYDERABAD,October,4.8,2023,28,0.36,3.6925,,,HYDERABAD
HYDERABAD,November,23.3,2023,25,0.36,4.9795,,,HYDERABAD
HYDERABAD,December,4.2,2023,23,0.36,5.8425,,,HYDERABAD
HYDERABAD,January,1,2024,23.5,0.36,6.8555,,,HYDERABAD
HYDERABAD,February,0,2024,25.5,0.36,7.977,,,HYDERABAD
HYDERABAD,March,1.7,2024,29.5,0.36,8.807894737,,,HYDERABAD
HYDERABAD,April,16.5,2024,33.5,0.36,9.358421053,,,HYDERABAD
HYDERABAD,May,72.7,2024,36.5,0.36,8.536842105,,,HYDERABAD
HYDERABAD,June,58.8,2024,32.5,0.36,9.141578947,,,HYDERABAD
HYDERABAD,July,67.7,2024,29.5,0.36,5.451578947,,,HYDERABAD
HYDERABAD,August,94.8,2024,28.5,0.36,4.396,,,HYDERABAD
HYDERABAD,September,63.8,2024,29.5,0.36,3.989,,,HYDERABAD
HYDERABAD,October,33.5,2024,28.5,0.36,3.6925,,,HYDERABAD
HYDERABAD,November,6.9,2024,25.5,0.36,4.9795,,,HYDERABAD
HYDERABAD,December,9.9,2024,23.5,0.36,5.8425,,,HYDERABAD
JAGITIAL,January,1.1,2023,23,0.68,4.18675,,,JAGITIAL
JAGITIAL,February,0,2023,25,0.68,4.77825,,,JAGITIAL
JAGITIAL,March,50.2,2023,29,0.68,5.005,,,JAGITIAL
JAGITIAL,April,77.1,2023,33,0.68,5.2555,,,JAGITIAL
JAGITIAL,May,75.7,2023,36,0.68,5.506,,,JAGITIAL
JAGITIAL,June,39.3,2023,32,0.68,5.96675,,,JAGITIAL
JAGITIAL,July,213.8,2023,29,0.68,2.8405,,,JAGITIAL
JAGITIAL,August,99.7,2023,28,0.68,2.06325,,,JAGITIAL
JAGITIAL,September,139.8,2023,29,0.68,1.7745,,,JAGITIAL
JAGITIAL,October,11.9,2023,28,0.68,2.21525,,,JAGITIAL
JAGITIAL,November,7.6,2023,25,0.68,3.1685,,,JAGITIAL
JAGITIAL,December,4.6,2023,23,0.68,3.8515,,,JAGITIAL
JAGITIAL,January,0,2024,23.5,0.68,4.18675,,,JAGITIAL
JAGITIAL,February,11.9,2024,25.5,0.68,4.77825,,,JAGITIAL
JAGITIAL,March,12.7,2024,29.5,0.68,5.005,,,JAGITIAL
JAGITIAL,April,7.7,2024,33.5,0.68,5.2555,,,JAGITIAL
JAGITIAL,May,32.7,2024,36.5,0.68,5.506,,,JAGITIAL
JAGITIAL,June,120.4,2024,32.5,0.68,5.96675,,,JAGITIAL
JAGITIAL,July,111,2024,29.5,0.68,2.8405,,,JAGITIAL
JAGITIAL,August,86.1,2024,28.5,0.68,2.06325,,,JAGITIAL
JAGITIAL,September,122.8,2024,29.5,0.68,1.7745,,,JAGITIAL
JAGITIAL,October,36.4,2024,28.5,0.68,2.21525,,,JAGITIAL
JAGITIAL,November,9.3,2024,25.5,0.68,3.1685,,,JAGITIAL
JAGITIAL,December,22.7,2024,23.5,0.68,3.8515,,,JAGITIAL
JANGOAN,January,15.2,2023,23,0.53,5.567837838,,,JANGOAN
JANGOAN,February,0,2023,25,0.53,6.898108108,,,JANGOAN
JANGOAN,March,62.3,2023,29,0.53,7.60972973,,,JANGOAN
JANGOAN,April,64.9,2023,33,0.53,7.8225,,,JANGOAN
JANGOAN,May,110.8,2023,36,0.53,7.088108108,,,JANGOAN
JANGOAN,June,79.4,2023,32,0.53,7.299459459,,,JANGOAN
JANGOAN,July,235.9,2023,29,0.53,6.150540541,,,JANGOAN
JANGOAN,August,24.7,2023,28,0.53,3.165405405,,,JANGOAN
JANGOAN,September,56.3,2023,29,0.53,2.918648649,,,JANGOAN
JANGOAN,October,20,2023,28,0.53,2.790810811,,,JANGOAN
JANGOAN,November,39.8,2023,25,0.53,3.560540541,,,JANGOAN
JANGOAN,December,16.5,2023,23,0.53,4.534054054,,,JANGOAN
JANGOAN,January,0,2024,23.5,0.53,5.567837838,,,JANGOAN
JANGOAN,February,0,2024,25.5,0.53,6.898108108,,,JANGOAN
JANGOAN,March,2.3,2024,29.5,0.53,7.60972973,,,JANGOAN
JANGOAN,April,50.4,2024,33.5,0.53,7.8225,,,JANGOAN
JANGOAN,May,64.1,2024,36.5,0.53,7.088108108,,,JANGOAN
JANGOAN,June,73.4,2024,32.5,0.53,7.299459459,,,JANGOAN
JANGOAN,July,42.8,2024,29.5,0.53,6.150540541,,,JANGOAN
JANGOAN,August,64,2024,28.5,0.53,3.165405405,,,JANGOAN
JANGOAN,September,283.1,2024,29.5,0.53,2.918648649,,,JANGOAN
JANGOAN,October,46.1,2024,28.5,0.53,2.790810811,,,JANGOAN
JANGOAN,November,19.6,2024,25.5,0.53,3.560540541,,,JANGOAN
JANGOAN,December,48.1,2024,23.5,0.53,4.534054054,,,JANGOAN
JAYASHANKAR,January,0,2023,23,0.48,7.255625,,,JAYASHANKAR
JAYASHANKAR,February,0,2023,25,0.48,7.980416667,,,JAYASHANKAR
JAYASHANKAR,March,59,2023,29,0.48,8.591666667,,,JAYASHANKAR
JAYASHANKAR,April,21.8,2023,33,0.48,9.65625,,,JAYASHANKAR
JAYASHANKAR,May,55.3,2023,36,0.48,10.04875,,,JAYASHANKAR
JAYASHANKAR,June,39.7,2023,32,0.48,9.721666667,,,JAYASHANKAR
JAYASHANKAR,July,618.5,2023,29,0.48,4.650833333,,,JAYASHANKAR
JAYASHANKAR,August,100.6,2023,28,0.48,6.254166667,,,JAYASHANKAR
JAYASHANKAR,September,109.5,2023,29,0.48,6.333541667,,,JAYASHANKAR
JAYASHANKAR,October,30.9,2023,28,0.48,5.880208333,,,JAYASHANKAR
JAYASHANKAR,November,24.6,2023,25,0.48,6.365208333,,,JAYASHANKAR
JAYASHANKAR,December,26.5,2023,23,0.48,6.862083333,,,JAYASHANKAR
JAYASHANKAR,January,0.2,2024,23.5,0.48,7.255625,,,JAYASHANKAR
JAYASHANKAR,February,1.8,2024,25.5,0.48,7.980416667,,,JAYASHANKAR
JAYASHANKAR,March,12.1,2024,29.5,0.48,8.591666667,,,JAYASHANKAR
JAYASHANKAR,April,0,2024,33.5,0.48,9.65625,,,JAYASHANKAR
JAYASHANKAR,May,93.1,2024,36.5,0.48,10.04875,,,JAYASHANKAR
JAYASHANKAR,June,84.2,2024,32.5,0.48,9.721666667,,,JAYASHANKAR
JAYASHANKAR,July,120,2024,29.5,0.48,4.650833333,,,JAYASHANKAR
JAYASHANKAR,August,78.2,2024,28.5,0.48,6.254166667,,,JAYASHANKAR
JAYASHANKAR,September,77.5,2024,29.5,0.48,6.333541667,,,JAYASHANKAR
JAYASHANKAR,October,42.4,2024,28.5,0.48,5.880208333,,,JAYASHANKAR
JAYASHANKAR,November,34.5,2024,25.5,0.48,6.365208333,,,JAYASHANKAR
JAYASHANKAR,December,5.7,2024,23.5,0.48,6.862083333,,,JAYASHANKAR
JOGULAMBA GADWAL,January,0,2023,24,0.52,5.549666667,,,JOGULAMBA GADWAL
JOGULAMBA GADWAL,February,0,2023,26,0.52,6.691290323,,,JOGULAMBA GADWAL
JOGULAMBA GADWAL,March,41.8,2023,30,0.52,5.406666667,,,JOGULAMBA GADWAL
JOGULAMBA GADWAL,April,80.1,2023,34,0.52,6.161,,,JOGULAMBA GADWAL
JOGULAMBA GADWAL,May,47.9,2023,37,0.52,5.259333333,,,JOGULAMBA GADWAL
JOGULAMBA GADWAL,June,26.8,2023,33,0.52,5.577666667,,,JOGULAMBA GADWAL
JOGULAMBA GADWAL,July,62.6,2023,30,0.52,5.804137931,,,JOGULAMBA GADWAL
JOGULAMBA GADWAL,August,44.8,2023,29,0.52,5.284375,,,JOGULAMBA GADWAL
JOGULAMBA GADWAL,September,44,2023,30,0.52,4.331875,,,JOGULAMBA GADWAL
JOGULAMBA GADWAL,October,3.2,2023,29,0.52,3.63,,,JOGULAMBA GADWAL
JOGULAMBA GADWAL,November,56.3,2023,26,0.52,3.914705882,,,JOGULAMBA GADWAL
JOGULAMBA GADWAL,December,9.6,2023,24,0.52,4.087647059,,,JOGULAMBA GADWAL
JOGULAMBA GADWAL,January,0,2024,24.5,0.52,5.549666667,,,JOGULAMBA GADWAL
JOGULAMBA GADWAL,February,0,2024,26.5,0.52,6.691290323,,,JOGULAMBA GADWAL
JOGULAMBA GADWAL,March,0,2024,30.5,0.52,5.406666667,,,JOGULAMBA GADWAL
JOGULAMBA GADWAL,April,12.7,2024,34.5,0.52,6.161,,,JOGULAMBA GADWAL
JOGULAMBA GADWAL,May,98.8,2024,37.5,0.52,5.259333333,,,JOGULAMBA GADWAL
JOGULAMBA GADWAL,June,147,2024,33.5,0.52,5.577666667,,,JOGULAMBA GADWAL
JOGULAMBA GADWAL,July,57.1,2024,30.5,0.52,5.804137931,,,JOGULAMBA GADWAL
JOGULAMBA GADWAL,August,122.3,2024,29.5,0.52,5.284375,,,JOGULAMBA GADWAL
JOGULAMBA GADWAL,September,70.7,2024,30.5,0.52,4.331875,,,JOGULAMBA GADWAL
JOGULAMBA GADWAL,October,44.1,2024,29.5,0.52,3.63,,,JOGULAMBA GADWAL
JOGULAMBA GADWAL,November,12.1,2024,26.5,0.52,3.914705882,,,JOGULAMBA GADWAL
JOGULAMBA GADWAL,December,8.2,2024,24.5,0.52,4.087647059,,,JOGULAMBA GADWAL
KAMAREDDY,January,0,2023,23,0.66,9.235652174,,,KAMAREDDY
KAMAREDDY,February,0,2023,25,0.66,10.9926087,,,KAMAREDDY
KAMAREDDY,March,44.6,2023,29,0.66,12.58043478,,,KAMAREDDY
KAMAREDDY,April,70.4,2023,33,0.66,14.0584058,,,KAMAREDDY
KAMAREDDY,May,76.4,2023,36,0.66,11.58289855,,,KAMAREDDY
KAMAREDDY,June,59.4,2023,32,0.66,12.1184058,,,KAMAREDDY
KAMAREDDY,July,106.4,2023,29,0.66,9.232318841,,,KAMAREDDY
KAMAREDDY,August,75.1,2023,28,0.66,6.647246377,,,KAMAREDDY
KAMAREDDY,September,119.2,2023,29,0.66,5.93173913,,,KAMAREDDY
KAMAREDDY,October,62.7,2023,28,0.66,5.518571429,,,KAMAREDDY
KAMAREDDY,November,30.8,2023,25,0.66,6.028285714,,,KAMAREDDY
KAMAREDDY,December,3.2,2023,23,0.66,7.42173913,,,KAMAREDDY
KAMAREDDY,January,0,2024,23.5,0.66,9.235652174,,,KAMAREDDY
KAMAREDDY,February,2.5,2024,25.5,0.66,10.9926087,,,KAMAREDDY
KAMAREDDY,March,50.8,2024,29.5,0.66,12.58043478,,,KAMAREDDY
KAMAREDDY,April,45,2024,33.5,0.66,14.0584058,,,KAMAREDDY
KAMAREDDY,May,48.4,2024,36.5,0.66,11.58289855,,,KAMAREDDY
KAMAREDDY,June,86.2,2024,32.5,0.66,12.1184058,,,KAMAREDDY
KAMAREDDY,July,97.1,2024,29.5,0.66,9.232318841,,,KAMAREDDY
KAMAREDDY,August,95.4,2024,28.5,0.66,6.647246377,,,KAMAREDDY
KAMAREDDY,September,240.8,2024,29.5,0.66,5.93173913,,,KAMAREDDY
KAMAREDDY,October,102.6,2024,28.5,0.66,5.518571429,,,KAMAREDDY
KAMAREDDY,November,10.8,2024,25.5,0.66,6.028285714,,,KAMAREDDY
KAMAREDDY,December,28,2024,23.5,0.66,7.42173913,,,KAMAREDDY
KARIMNAGAR,January,0,2023,23,0.61,5.9192,,,KARIMNAGAR
KARIMNAGAR,February,0,2023,25,0.61,7.132083333,,,KARIMNAGAR
KARIMNAGAR,March,74.8,2023,29,0.61,7.402916667,,,KARIMNAGAR
KARIMNAGAR,April,74,2023,33,0.61,7.635833333,,,KARIMNAGAR
KARIMNAGAR,May,90.4,2023,36,0.61,7.368333333,,,KARIMNAGAR
KARIMNAGAR,June,26.5,2023,32,0.61,8.109583333,,,KARIMNAGAR
KARIMNAGAR,July,384,2023,29,0.61,4.190416667,,,KARIMNAGAR
KARIMNAGAR,August,76,2023,28,0.61,2.8596,,,KARIMNAGAR
KARIMNAGAR,September,99.6,2023,29,0.61,2.694,,,KARIMNAGAR
KARIMNAGAR,October,40,2023,28,0.61,3.2796,,,KARIMNAGAR
KARIMNAGAR,November,13.6,2023,25,0.61,4.4288,,,KARIMNAGAR
KARIMNAGAR,December,16.2,2023,23,0.61,4.942,,,KARIMNAGAR
KARIMNAGAR,January,0.8,2024,23.5,0.61,5.9192,,,KARIMNAGAR
KARIMNAGAR,February,7.4,2024,25.5,0.61,7.132083333,,,KARIMNAGAR
KARIMNAGAR,March,40.8,2024,29.5,0.61,7.402916667,,,KARIMNAGAR
KARIMNAGAR,April,11,2024,33.5,0.61,7.635833333,,,KARIMNAGAR
KARIMNAGAR,May,45.6,2024,36.5,0.61,7.368333333,,,KARIMNAGAR
KARIMNAGAR,June,101.4,2024,32.5,0.61,8.109583333,,,KARIMNAGAR
KARIMNAGAR,July,103.9,2024,29.5,0.61,4.190416667,,,KARIMNAGAR
KARIMNAGAR,August,138.8,2024,28.5,0.61,2.8596,,,KARIMNAGAR
KARIMNAGAR,September,128.1,2024,29.5,0.61,2.694,,,KARIMNAGAR
KARIMNAGAR,October,55.4,2024,28.5,0.61,3.2796,,,KARIMNAGAR
KARIMNAGAR,November,12.3,2024,25.5,0.61,4.4288,,,KARIMNAGAR
KARIMNAGAR,December,33.6,2024,23.5,0.61,4.942,,,KARIMNAGAR
Khammam,January,0.4,2023,23,0.69,4.455454545,,,KHAMMAM
Khammam,February,0,2023,25,0.69,5.106515152,,,KHAMMAM
Khammam,March,87.5,2023,29,0.69,5.15030303,,,KHAMMAM
Khammam,April,66.6,2023,33,0.69,5.679242424,,,KHAMMAM
Khammam,May,60.4,2023,36,0.69,5.760757576,,,KHAMMAM
Khammam,June,45.2,2023,32,0.69,6.018787879,,,KHAMMAM
Khammam,July,192.1,2023,29,0.69,4.956363636,,,KHAMMAM
Khammam,August,49.5,2023,28,0.69,2.633666667,,,KHAMMAM
Khammam,September,66.5,2023,29,0.69,2.678333333,,,KHAMMAM
Khammam,October,41.2,2023,28,0.69,2.2935,,,KHAMMAM
Khammam,November,33.7,2023,25,0.69,3.272424242,,,KHAMMAM
Khammam,December,164.2,2023,23,0.69,3.843333333,,,KHAMMAM
Khammam,January,0,2024,23.5,0.69,4.455454545,,,KHAMMAM
Khammam,February,0,2024,25.5,0.69,5.106515152,,,KHAMMAM
Khammam,March,1.3,2024,29.5,0.69,5.15030303,,,KHAMMAM
Khammam,April,65.9,2024,33.5,0.69,5.679242424,,,KHAMMAM
Khammam,May,76.9,2024,36.5,0.69,5.760757576,,,KHAMMAM
Khammam,June,72,2024,32.5,0.69,6.018787879,,,KHAMMAM
Khammam,July,77.8,2024,29.5,0.69,4.956363636,,,KHAMMAM
Khammam,August,192.4,2024,28.5,0.69,2.633666667,,,KHAMMAM
Khammam,September,330.2,2024,29.5,0.69,2.678333333,,,KHAMMAM
Khammam,October,47.5,2024,28.5,0.69,2.2935,,,KHAMMAM
Khammam,November,32.6,2024,25.5,0.69,3.272424242,,,KHAMMAM
Khammam,December,20.3,2024,23.5,0.69,3.843333333,,,KHAMMAM
Kumuram Bheem asifabad,January,2,2023,22,0.74,6.54375,,,KUMURAM BHEEM ASIFABAD
Kumuram Bheem asifabad,February,0,2023,24,0.74,7.2178125,,,KUMURAM BHEEM ASIFABAD
Kumuram Bheem asifabad,March,16.7,2023,28,0.74,7.823870968,,,KUMURAM BHEEM ASIFABAD
Kumuram Bheem asifabad,April,35.9,2023,32,0.74,8.18516129,,,KUMURAM BHEEM ASIFABAD
Kumuram Bheem asifabad,May,43.9,2023,35,0.74,8.407419355,,,KUMURAM BHEEM ASIFABAD
Kumuram Bheem asifabad,June,60.9,2023,31,0.74,9.011935484,,,KUMURAM BHEEM ASIFABAD
Kumuram Bheem asifabad,July,227,2023,28,0.74,4.96,,,KUMURAM BHEEM ASIFABAD
Kumuram Bheem asifabad,August,55.3,2023,27,0.74,3.587,,,KUMURAM BHEEM ASIFABAD
Kumuram Bheem asifabad,September,125.9,2023,28,0.74,4.234666667,,,KUMURAM BHEEM ASIFABAD
Kumuram Bheem asifabad,October,37,2023,27,0.74,4.152666667,,,KUMURAM BHEEM ASIFABAD
Kumuram Bheem asifabad,November,18.2,2023,24,0.74,5.4728125,,,KUMURAM BHEEM ASIFABAD
Kumuram Bheem asifabad,December,5.4,2023,22,0.74,5.93875,,,KUMURAM BHEEM ASIFABAD
Kumuram Bheem asifabad,January,7.8,2024,22.5,0.74,6.54375,,,KUMURAM BHEEM ASIFABAD
Kumuram Bheem asifabad,February,8.8,2024,24.5,0.74,7.2178125,,,KUMURAM BHEEM ASIFABAD
Kumuram Bheem asifabad,March,75.4,2024,28.5,0.74,7.823870968,,,KUMURAM BHEEM ASIFABAD
Kumuram Bheem asifabad,April,24,2024,32.5,0.74,8.18516129,,,KUMURAM BHEEM ASIFABAD
Kumuram Bheem asifabad,May,57.1,2024,35.5,0.74,8.407419355,,,KUMURAM BHEEM ASIFABAD
Kumuram Bheem asifabad,June,90.5,2024,31.5,0.74,9.011935484,,,KUMURAM BHEEM ASIFABAD
Kumuram Bheem asifabad,July,153.9,2024,28.5,0.74,4.96,,,KUMURAM BHEEM ASIFABAD
Kumuram Bheem asifabad,August,95.4,2024,27.5,0.74,3.587,,,KUMURAM BHEEM ASIFABAD
Kumuram Bheem asifabad,September,178.9,2024,28.5,0.74,4.234666667,,,KUMURAM BHEEM ASIFABAD
Kumuram Bheem asifabad,October,53,2024,27.5,0.74,4.152666667,,,KUMURAM BHEEM ASIFABAD
Kumuram Bheem asifabad,November,10.6,2024,24.5,0.74,5.4728125,,,KUMURAM BHEEM ASIFABAD
Kumuram Bheem asifabad,December,44.1,2024,22.5,0.74,5.93875,,,KUMURAM BHEEM ASIFABAD
Mahabubabad,January,16.9,2023,23,0.52,4.226290323,,,MAHABUBABAD
Mahabubabad,February,0,2023,25,0.52,4.98516129,,,MAHABUBABAD
Mahabubabad,March,97.4,2023,29,0.52,5.211612903,,,MAHABUBABAD
Mahabubabad,April,52.2,2023,33,0.52,5.149354839,,,MAHABUBABAD
Mahabubabad,May,79.1,2023,36,0.52,5.41484375,,,MAHABUBABAD
Mahabubabad,June,48.4,2023,32,0.52,5.51875,,,MAHABUBABAD
Mahabubabad,July,278.4,2023,29,0.52,3.78140625,,,MAHABUBABAD
Mahabubabad,August,41.9,2023,28,0.52,1.91328125,,,MAHABUBABAD
Mahabubabad,September,78.2,2023,29,0.52,1.81515625,,,MAHABUBABAD
Mahabubabad,October,38.3,2023,28,0.52,2.05015625,,,MAHABUBABAD
Mahabubabad,November,51.2,2023,25,0.52,2.86637931,,,MAHABUBABAD
Mahabubabad,December,63.3,2023,23,0.52,3.56983871,,,MAHABUBABAD
Mahabubabad,January,0,2024,23.5,0.52,4.226290323,,,MAHABUBABAD
Mahabubabad,February,0,2024,25.5,0.52,4.98516129,,,MAHABUBABAD
Mahabubabad,March,4.3,2024,29.5,0.52,5.211612903,,,MAHABUBABAD
Mahabubabad,April,34.4,2024,33.5,0.52,5.149354839,,,MAHABUBABAD
Mahabubabad,May,105.1,2024,36.5,0.52,5.41484375,,,MAHABUBABAD
Mahabubabad,June,100,2024,32.5,0.52,5.51875,,,MAHABUBABAD
Mahabubabad,July,107.3,2024,29.5,0.52,3.78140625,,,MAHABUBABAD
Mahabubabad,August,87.2,2024,28.5,0.52,1.91328125,,,MAHABUBABAD
Mahabubabad,September,456.5,2024,29.5,0.52,1.81515625,,,MAHABUBABAD
Mahabubabad,October,57.4,2024,28.5,0.52,2.05015625,,,MAHABUBABAD
Mahabubabad,November,19,2024,25.5,0.52,2.86637931,,,MAHABUBABAD
Mahabubabad,December,21.4,2024,23.5,0.52,3.56983871,,,MAHABUBABAD
Mahabubnagar,January,0,2023,24,0.46,6.3982,,,MAHABUBNAGAR
Mahabubnagar,February,0,2023,26,0.46,7.4684,,,MAHABUBNAGAR
Mahabubnagar,March,51,2023,30,0.46,7.9944,,,MAHABUBNAGAR
Mahabubnagar,April,71,2023,34,0.46,9.3042,,,MAHABUBNAGAR
Mahabubnagar,May,54.8,2023,37,0.46,9.019,,,MAHABUBNAGAR
Mahabubnagar,June,53.9,2023,33,0.46,9.3238,,,MAHABUBNAGAR
Mahabubnagar,July,125,2023,30,0.46,8.0268,,,MAHABUBNAGAR
Mahabubnagar,August,37.8,2023,29,0.46,5.874615385,,,MAHABUBNAGAR
Mahabubnagar,September,145.8,2023,30,0.46,5.168076923,,,MAHABUBNAGAR
Mahabubnagar,October,9.1,2023,29,0.46,3.734230769,,,MAHABUBNAGAR
Mahabubnagar,November,47.2,2023,26,0.46,4.218846154,,,MAHABUBNAGAR
Mahabubnagar,December,0,2023,24,0.46,4.138846154,,,MAHABUBNAGAR
Mahabubnagar,January,0,2024,24.5,0.46,6.3982,,,MAHABUBNAGAR
Mahabubnagar,February,0,2024,26.5,0.46,7.4684,,,MAHABUBNAGAR
Mahabubnagar,March,1.5,2024,30.5,0.46,7.9944,,,MAHABUBNAGAR
Mahabubnagar,April,7.7,2024,34.5,0.46,9.3042,,,MAHABUBNAGAR
Mahabubnagar,May,68.3,2024,37.5,0.46,9.019,,,MAHABUBNAGAR
Mahabubnagar,June,75.8,2024,33.5,0.46,9.3238,,,MAHABUBNAGAR
Mahabubnagar,July,57.3,2024,30.5,0.46,8.0268,,,MAHABUBNAGAR
Mahabubnagar,August,89.2,2024,29.5,0.46,5.874615385,,,MAHABUBNAGAR
Mahabubnagar,September,121.4,2024,30.5,0.46,5.168076923,,,MAHABUBNAGAR
Mahabubnagar,October,30.4,2024,29.5,0.46,3.734230769,,,MAHABUBNAGAR
Mahabubnagar,November,2.8,2024,26.5,0.46,4.218846154,,,MAHABUBNAGAR
Mahabubnagar,December,5.9,2024,24.5,0.46,4.138846154,,,MAHABUBNAGAR
Mancherial,January,0,2023,22,0.62,4.896,,,MANCHERIAL
Mancherial,February,0,2023,24,0.62,5.9532,,,MANCHERIAL
Mancherial,March,36.9,2023,28,0.62,6.0556,,,MANCHERIAL
Mancherial,April,16.6,2023,32,0.62,6.9616,,,MANCHERIAL
Mancherial,May,68.6,2023,35,0.62,7.2868,,,MANCHERIAL
Mancherial,June,54.3,2023,31,0.62,7.0332,,,MANCHERIAL
Mancherial,July,131.3,2023,28,0.62,5.552,,,MANCHERIAL
Mancherial,August,84.1,2023,27,0.62,3.3516,,,MANCHERIAL
Mancherial,September,140.5,2023,28,0.62,2.8204,,,MANCHERIAL
Mancherial,October,26.2,2023,27,0.62,3.0432,,,MANCHERIAL
Mancherial,November,12.3,2023,24,0.62,3.8488,,,MANCHERIAL
Mancherial,December,4.5,2023,22,0.62,4.6784,,,MANCHERIAL
Mancherial,January,0.2,2024,22.5,0.62,4.896,,,MANCHERIAL
Mancherial,February,8.8,2024,24.5,0.62,5.9532,,,MANCHERIAL
Mancherial,March,11.2,2024,28.5,0.62,6.0556,,,MANCHERIAL
Mancherial,April,9.5,2024,32.5,0.62,6.9616,,,MANCHERIAL
Mancherial,May,46.4,2024,35.5,0.62,7.2868,,,MANCHERIAL
Mancherial,June,69.5,2024,31.5,0.62,7.0332,,,MANCHERIAL
Mancherial,July,152.3,2024,28.5,0.62,5.552,,,MANCHERIAL
Mancherial,August,60.1,2024,27.5,0.62,3.3516,,,MANCHERIAL
Mancherial,September,118.6,2024,28.5,0.62,2.8204,,,MANCHERIAL
Mancherial,October,29.1,2024,27.5,0.62,3.0432,,,MANCHERIAL
Mancherial,November,41.2,2024,24.5,0.62,3.8488,,,MANCHERIAL
Mancherial,December,52.2,2024,22.5,0.62,4.6784,,,MANCHERIAL
Medak,January,2.9,2023,23,0.64,10.63576271,,,MEDAK
Medak,February,0,2023,25,0.64,11.86610169,,,MEDAK
Medak,March,86.2,2023,29,0.64,13.62169492,,,MEDAK
Medak,April,59.7,2023,33,0.64,14.72169492,,,MEDAK
Medak,May,47.4,2023,36,0.64,12.78915254,,,MEDAK
Medak,June,48.9,2023,32,0.64,12.83355932,,,MEDAK
Medak,July,144.1,2023,29,0.64,11.94728814,,,MEDAK
Medak,August,34.4,2023,28,0.64,9.425,,,MEDAK
Medak,September,135.4,2023,29,0.64,8.810344828,,,MEDAK
Medak,October,5.7,2023,28,0.64,6.86862069,,,MEDAK
Medak,November,60.5,2023,25,0.64,6.848275862,,,MEDAK
Medak,December,3.6,2023,23,0.64,8.151355932,,,MEDAK
Medak,January,0.1,2024,23.5,0.64,10.63576271,,,MEDAK
Medak,February,0.5,2024,25.5,0.64,11.86610169,,,MEDAK
Medak,March,37.6,2024,29.5,0.64,13.62169492,,,MEDAK
Medak,April,36.1,2024,33.5,0.64,14.72169492,,,MEDAK
Medak,May,80,2024,36.5,0.64,12.78915254,,,MEDAK
Medak,June,97.2,2024,32.5,0.64,12.83355932,,,MEDAK
Medak,July,56,2024,29.5,0.64,11.94728814,,,MEDAK
Medak,August,123.4,2024,28.5,0.64,9.425,,,MEDAK
Medak,September,165.1,2024,29.5,0.64,8.810344828,,,MEDAK
Medak,October,34.4,2024,28.5,0.64,6.86862069,,,MEDAK
Medak,November,37.5,2024,25.5,0.64,6.848275862,,,MEDAK
Medak,December,60,2024,23.5,0.64,8.151355932,,,MEDAK
Medchal Malkajgiri,January,3.8,2023,23,0.58,7.705813953,,,MEDCHAL MALKAJGIRI
Medchal Malkajgiri,February,0,2023,25,0.58,9.07627907,,,MEDCHAL MALKAJGIRI
Medchal Malkajgiri,March,78.1,2023,29,0.58,9.597906977,,,MEDCHAL MALKAJGIRI
Medchal Malkajgiri,April,73.4,2023,33,0.58,10.19581395,,,MEDCHAL MALKAJGIRI
Medchal Malkajgiri,May,80.6,2023,36,0.58,9.948604651,,,MEDCHAL MALKAJGIRI
Medchal Malkajgiri,June,47.5,2023,32,0.58,10.90139535,,,MEDCHAL MALKAJGIRI
Medchal Malkajgiri,July,92.1,2023,29,0.58,10.17068182,,,MEDCHAL MALKAJGIRI
Medchal Malkajgiri,August,48.5,2023,28,0.58,5.31627907,,,MEDCHAL MALKAJGIRI
Medchal Malkajgiri,September,143.4,2023,29,0.58,5.093636364,,,MEDCHAL MALKAJGIRI
Medchal Malkajgiri,October,0.2,2023,28,0.58,3.944651163,,,MEDCHAL MALKAJGIRI
Medchal Malkajgiri,November,28.5,2023,25,0.58,5.040930233,,,MEDCHAL MALKAJGIRI
Medchal Malkajgiri,December,5.9,2023,23,0.58,6.417674419,,,MEDCHAL MALKAJGIRI
Medchal Malkajgiri,January,0,2024,23.5,0.58,7.705813953,,,MEDCHAL MALKAJGIRI
Medchal Malkajgiri,February,1.9,2024,25.5,0.58,9.07627907,,,MEDCHAL MALKAJGIRI
Medchal Malkajgiri,March,0.9,2024,29.5,0.58,9.597906977,,,MEDCHAL MALKAJGIRI
Medchal Malkajgiri,April,6.1,2024,33.5,0.58,10.19581395,,,MEDCHAL MALKAJGIRI
Medchal Malkajgiri,May,108.6,2024,36.5,0.58,9.948604651,,,MEDCHAL MALKAJGIRI
Medchal Malkajgiri,June,83.8,2024,32.5,0.58,10.90139535,,,MEDCHAL MALKAJGIRI
Medchal Malkajgiri,July,57.1,2024,29.5,0.58,10.17068182,,,MEDCHAL MALKAJGIRI
Medchal Malkajgiri,August,88.7,2024,28.5,0.58,5.31627907,,,MEDCHAL MALKAJGIRI
Medchal Malkajgiri,September,88.3,2024,29.5,0.58,5.093636364,,,MEDCHAL MALKAJGIRI
Medchal Malkajgiri,October,50.8,2024,28.5,0.58,3.944651163,,,MEDCHAL MALKAJGIRI
Medchal Malkajgiri,November,24.9,2024,25.5,0.58,5.040930233,,,MEDCHAL MALKAJGIRI
Medchal Malkajgiri,December,31,2024,23.5,0.58,6.417674419,,,MEDCHAL MALKAJGIRI
Mulugu,January,0.3,2023,23,0.51,6.661190476,,,MULUGU
Mulugu,February,0,2023,25,0.51,7.755714286,,,MULUGU
Mulugu,March,118.8,2023,29,0.51,8.218571429,,,MULUGU
Mulugu,April,85,2023,33,0.51,8.817209302,,,MULUGU
Mulugu,May,39.4,2023,36,0.51,8.820930233,,,MULUGU
Mulugu,June,30.2,2023,32,0.51,9.014761905,,,MULUGU
Mulugu,July,440,2023,29,0.51,3.962380952,,,MULUGU
Mulugu,August,82.1,2023,28,0.51,4.5916,,,MULUGU
Mulugu,September,86.6,2023,29,0.51,3.013111111,,,MULUGU
Mulugu,October,10,2023,28,0.51,3.635238095,,,MULUGU
Mulugu,November,56.3,2023,25,0.51,5.395714286,,,MULUGU
Mulugu,December,63.1,2023,23,0.51,6.26452381,,,MULUGU
Mulugu,January,0,2024,23.5,0.51,6.661190476,,,MULUGU
Mulugu,February,12.4,2024,25.5,0.51,7.755714286,,,MULUGU
Mulugu,March,6.1,2024,29.5,0.51,8.218571429,,,MULUGU
Mulugu,April,6.6,2024,33.5,0.51,8.817209302,,,MULUGU
Mulugu,May,65.5,2024,36.5,0.51,8.820930233,,,MULUGU
Mulugu,June,121.9,2024,32.5,0.51,9.014761905,,,MULUGU
Mulugu,July,120.9,2024,29.5,0.51,3.962380952,,,MULUGU
Mulugu,August,107.2,2024,28.5,0.51,4.5916,,,MULUGU
Mulugu,September,258.6,2024,29.5,0.51,3.013111111,,,MULUGU
Mulugu,October,57.3,2024,28.5,0.51,3.635238095,,,MULUGU
Mulugu,November,14.1,2024,25.5,0.51,5.395714286,,,MULUGU
Mulugu,December,19.4,2024,23.5,0.51,6.26452381,,,MULUGU
Nagarkurnool,January,1.4,2023,24,0.53,5.1028125,,,NAGARKURNOOL
Nagarkurnool,February,0,2023,26,0.53,5.6421875,,,NAGARKURNOOL
Nagarkurnool,March,30.1,2023,30,0.53,7.027868852,,,NAGARKURNOOL
Nagarkurnool,April,97.5,2023,34,0.53,7.517647059,,,NAGARKURNOOL
Nagarkurnool,May,65.7,2023,37,0.53,7.281451613,,,NAGARKURNOOL
Nagarkurnool,June,46.8,2023,33,0.53,7.333492063,,,NAGARKURNOOL
Nagarkurnool,July,101.4,2023,30,0.53,7.626190476,,,NAGARKURNOOL
Nagarkurnool,August,37.7,2023,29,0.53,5.87875,,,NAGARKURNOOL
Nagarkurnool,September,84.7,2023,30,0.53,4.725625,,,NAGARKURNOOL
Nagarkurnool,October,27.8,2023,29,0.53,3.450625,,,NAGARKURNOOL
Nagarkurnool,November,19.8,2023,26,0.53,3.94875,,,NAGARKURNOOL
Nagarkurnool,December,21.7,2023,24,0.53,4.423125,,,NAGARKURNOOL
Nagarkurnool,January,0,2024,24.5,0.53,5.1028125,,,NAGARKURNOOL
Nagarkurnool,February,0,2024,26.5,0.53,5.6421875,,,NAGARKURNOOL
Nagarkurnool,March,0,2024,30.5,0.53,7.027868852,,,NAGARKURNOOL
Nagarkurnool,April,10.6,2024,34.5,0.53,7.517647059,,,NAGARKURNOOL
Nagarkurnool,May,78.2,2024,37.5,0.53,7.281451613,,,NAGARKURNOOL
Nagarkurnool,June,83.6,2024,33.5,0.53,7.333492063,,,NAGARKURNOOL
Nagarkurnool,July,56.6,2024,30.5,0.53,7.626190476,,,NAGARKURNOOL
Nagarkurnool,August,92.8,2024,29.5,0.53,5.87875,,,NAGARKURNOOL
Nagarkurnool,September,146.8,2024,30.5,0.53,4.725625,,,NAGARKURNOOL
Nagarkurnool,October,46.2,2024,29.5,0.53,3.450625,,,NAGARKURNOOL
Nagarkurnool,November,5.9,2024,26.5,0.53,3.94875,,,NAGARKURNOOL
Nagarkurnool,December,17.1,2024,24.5,0.53,4.423125,,,NAGARKURNOOL
Nalgonda,January,14.1,2023,23,0.55,5.322151899,,,NALGONDA
Nalgonda,February,0,2023,25,0.55,6.153924051,,,NALGONDA
Nalgonda,March,44.9,2023,29,0.55,7.83164557,,,NALGONDA
Nalgonda,April,46.2,2023,33,0.55,7.438432836,,,NALGONDA
Nalgonda,May,70.9,2023,36,0.55,7.75858209,,,NALGONDA
Nalgonda,June,59.8,2023,32,0.55,7.620676692,,,NALGONDA
Nalgonda,July,86,2023,29,0.55,7.691259259,,,NALGONDA
Nalgonda,August,49.5,2023,28,0.55,5.406666667,,,NALGONDA
Nalgonda,September,85.3,2023,29,0.55,5.079756098,,,NALGONDA
Nalgonda,October,24.4,2023,28,0.55,3.371728395,,,NALGONDA
Nalgonda,November,83.6,2023,25,0.55,4.131518987,,,NALGONDA
Nalgonda,December,44.8,2023,23,0.55,4.689620253,,,NALGONDA
Nalgonda,January,0.8,2024,23.5,0.55,5.322151899,,,NALGONDA
Nalgonda,February,15,2024,25.5,0.55,6.153924051,,,NALGONDA
Nalgonda,March,2.7,2024,29.5,0.55,7.83164557,,,NALGONDA
Nalgonda,April,35.4,2024,33.5,0.55,7.438432836,,,NALGONDA
Nalgonda,May,108.9,2024,36.5,0.55,7.75858209,,,NALGONDA
Nalgonda,June,115.2,2024,32.5,0.55,7.620676692,,,NALGONDA
Nalgonda,July,48.7,2024,29.5,0.55,7.691259259,,,NALGONDA
Nalgonda,August,76,2024,28.5,0.55,5.406666667,,,NALGONDA
Nalgonda,September,168.2,2024,29.5,0.55,5.079756098,,,NALGONDA
Nalgonda,October,68.4,2024,28.5,0.55,3.371728395,,,NALGONDA
Nalgonda,November,96.4,2024,25.5,0.55,4.131518987,,,NALGONDA
Nalgonda,December,24.8,2024,23.5,0.55,4.689620253,,,NALGONDA
Narayanpet,January,0,2023,24,0.45,5.405666667,,,NARAYANPET
Narayanpet,February,0,2023,26,0.45,6.013666667,,,NARAYANPET
Narayanpet,March,24.3,2023,30,0.45,6.588,,,NARAYANPET
Narayanpet,April,70.7,2023,34,0.45,7.076333333,,,NARAYANPET
Narayanpet,May,35.3,2023,37,0.45,8.093,,,NARAYANPET
Narayanpet,June,40.1,2023,33,0.45,7.788333333,,,NARAYANPET
Narayanpet,July,106.5,2023,30,0.45,7.333666667,,,NARAYANPET
Narayanpet,August,35.8,2023,29,0.45,4.489411765,,,NARAYANPET
Narayanpet,September,70.3,2023,30,0.45,3.641764706,,,NARAYANPET
Narayanpet,October,23.7,2023,29,0.45,2.92,,,NARAYANPET
Narayanpet,November,15.3,2023,26,0.45,3.423529412,,,NARAYANPET
Narayanpet,December,1.3,2023,24,0.45,4.171764706,,,NARAYANPET
Narayanpet,January,0,2024,24.5,0.45,5.405666667,,,NARAYANPET
Narayanpet,February,8.6,2024,26.5,0.45,6.013666667,,,NARAYANPET
Narayanpet,March,0.3,2024,30.5,0.45,6.588,,,NARAYANPET
Narayanpet,April,48.2,2024,34.5,0.45,7.076333333,,,NARAYANPET
Narayanpet,May,53.6,2024,37.5,0.45,8.093,,,NARAYANPET
Narayanpet,June,84.2,2024,33.5,0.45,7.788333333,,,NARAYANPET
Narayanpet,July,57.3,2024,30.5,0.45,7.333666667,,,NARAYANPET
Narayanpet,August,113.3,2024,29.5,0.45,4.489411765,,,NARAYANPET
Narayanpet,September,127,2024,30.5,0.45,3.641764706,,,NARAYANPET
Narayanpet,October,31.4,2024,29.5,0.45,2.92,,,NARAYANPET
Narayanpet,November,0.9,2024,26.5,0.45,3.423529412,,,NARAYANPET
Narayanpet,December,15.5,2024,24.5,0.45,4.171764706,,,NARAYANPET
Nirmal,January,0,2023,22,0.7,6.496904762,,,NIRMAL
Nirmal,February,0,2023,24,0.7,8.403095238,,,NIRMAL
Nirmal,March,31.5,2023,28,0.7,8.944761905,,,NIRMAL
Nirmal,April,36.4,2023,32,0.7,9.579761905,,,NIRMAL
Nirmal,May,34.8,2023,35,0.7,9.323571429,,,NIRMAL
Nirmal,June,46.5,2023,31,0.7,9.518333333,,,NIRMAL
Nirmal,July,257.4,2023,28,0.7,4.683095238,,,NIRMAL
Nirmal,August,102.6,2023,27,0.7,3.400714286,,,NIRMAL
Nirmal,September,122.2,2023,28,0.7,2.643333333,,,NIRMAL
Nirmal,October,7.2,2023,27,0.7,2.921666667,,,NIRMAL
Nirmal,November,46.2,2023,24,0.7,4.304761905,,,NIRMAL
Nirmal,December,3.2,2023,22,0.7,5.486428571,,,NIRMAL
Nirmal,January,0,2024,22.5,0.7,6.496904762,,,NIRMAL
Nirmal,February,37.1,2024,24.5,0.7,8.403095238,,,NIRMAL
Nirmal,March,9.5,2024,28.5,0.7,8.944761905,,,NIRMAL
Nirmal,April,33.7,2024,32.5,0.7,9.579761905,,,NIRMAL
Nirmal,May,33.3,2024,35.5,0.7,9.323571429,,,NIRMAL
Nirmal,June,92.2,2024,31.5,0.7,9.518333333,,,NIRMAL
Nirmal,July,111.7,2024,28.5,0.7,4.683095238,,,NIRMAL
Nirmal,August,75.3,2024,27.5,0.7,3.400714286,,,NIRMAL
Nirmal,September,145.1,2024,28.5,0.7,2.643333333,,,NIRMAL
Nirmal,October,81.2,2024,27.5,0.7,2.921666667,,,NIRMAL
Nirmal,November,32.3,2024,24.5,0.7,4.304761905,,,NIRMAL
Nirmal,December,16.1,2024,22.5,0.7,5.486428571,,,NIRMAL
Nizamabad,January,1.3,2023,23,0.64,8.907195122,,,NIZAMABAD
Nizamabad,February,0,2023,25,0.64,10.60841463,,,NIZAMABAD
Nizamabad,March,35.2,2023,29,0.64,11.42036585,,,NIZAMABAD
Nizamabad,April,40.4,2023,33,0.64,11.64703704,,,NIZAMABAD
Nizamabad,May,46.6,2023,36,0.64,10.82382716,,,NIZAMABAD
Nizamabad,June,48,2023,32,0.64,11.53444444,,,NIZAMABAD
Nizamabad,July,431.2,2023,29,0.64,7.612073171,,,NIZAMABAD
Nizamabad,August,102.9,2023,28,0.64,6.153414634,,,NIZAMABAD
Nizamabad,September,147.9,2023,29,0.64,5.525487805,,,NIZAMABAD
Nizamabad,October,41.8,2023,28,0.64,5.368414634,,,NIZAMABAD
Nizamabad,November,61.5,2023,25,0.64,6.151707317,,,NIZAMABAD
Nizamabad,December,4.5,2023,23,0.64,7.43097561,,,NIZAMABAD
Nizamabad,January,0,2024,23.5,0.64,8.907195122,,,NIZAMABAD
Nizamabad,February,6.8,2024,25.5,0.64,10.60841463,,,NIZAMABAD
Nizamabad,March,36.5,2024,29.5,0.64,11.42036585,,,NIZAMABAD
Nizamabad,April,76.2,2024,33.5,0.64,11.64703704,,,NIZAMABAD
Nizamabad,May,62.8,2024,36.5,0.64,10.82382716,,,NIZAMABAD
Nizamabad,June,83.7,2024,32.5,0.64,11.53444444,,,NIZAMABAD
Nizamabad,July,154.2,2024,29.5,0.64,7.612073171,,,NIZAMABAD
Nizamabad,August,89.4,2024,28.5,0.64,6.153414634,,,NIZAMABAD
Nizamabad,September,172.1,2024,29.5,0.64,5.525487805,,,NIZAMABAD
Nizamabad,October,42,2024,28.5,0.64,5.368414634,,,NIZAMABAD
Nizamabad,November,5.9,2024,25.5,0.64,6.151707317,,,NIZAMABAD
Nizamabad,December,28.4,2024,23.5,0.64,7.43097561,,,NIZAMABAD
Peddapalli,January,14.1,2023,23,0.52,4.919393939,,,PEDDAPALLI
Peddapalli,February,0,2023,25,0.52,5.474242424,,,PEDDAPALLI
Peddapalli,March,71.2,2023,29,0.52,5.898181818,,,PEDDAPALLI
Peddapalli,April,19.5,2023,33,0.52,6.483636364,,,PEDDAPALLI
Peddapalli,May,71.9,2023,36,0.52,6.688181818,,,PEDDAPALLI
Peddapalli,June,47.6,2023,32,0.52,6.744545455,,,PEDDAPALLI
Peddapalli,July,175,2023,29,0.52,3.683030303,,,PEDDAPALLI
Peddapalli,August,87.6,2023,28,0.52,2.95030303,,,PEDDAPALLI
Peddapalli,September,111.7,2023,29,0.52,3.149248485,,,PEDDAPALLI
Peddapalli,October,7,2023,28,0.52,3.61030303,,,PEDDAPALLI
Peddapalli,November,2.8,2023,25,0.52,4.260606061,,,PEDDAPALLI
Peddapalli,December,6.2,2023,23,0.52,4.562727273,,,PEDDAPALLI
Peddapalli,January,0,2024,23.5,0.52,4.919393939,,,PEDDAPALLI
Peddapalli,February,9.8,2024,25.5,0.52,5.474242424,,,PEDDAPALLI
Peddapalli,March,14,2024,29.5,0.52,5.898181818,,,PEDDAPALLI
Peddapalli,April,4.1,2024,33.5,0.52,6.483636364,,,PEDDAPALLI
Peddapalli,May,41.8,2024,36.5,0.52,6.688181818,,,PEDDAPALLI
Peddapalli,June,101.2,2024,32.5,0.52,6.744545455,,,PEDDAPALLI
Peddapalli,July,121.1,2024,29.5,0.52,3.683030303,,,PEDDAPALLI
Peddapalli,August,56.1,2024,28.5,0.52,2.95030303,,,PEDDAPALLI
Peddapalli,September,123.4,2024,29.5,0.52,3.149248485,,,PEDDAPALLI
Peddapalli,October,71.6,2024,28.5,0.52,3.61030303,,,PEDDAPALLI
Peddapalli,November,14.8,2024,25.5,0.52,4.260606061,,,PEDDAPALLI
Peddapalli,December,39.2,2024,23.5,0.52,4.562727273,,,PEDDAPALLI
Rajanna Sircilla,January,0.4,2023,23,0.6,6.42972973,,,RAJANNA SIRCILLA
Rajanna Sircilla,February,0,2023,25,0.6,7.944864865,,,RAJANNA SIRCILLA
Rajanna Sircilla,March,58.5,2023,29,0.6,9.642702703,,,RAJANNA SIRCILLA
Rajanna Sircilla,April,68.3,2023,33,0.6,10.52916667,,,RAJANNA SIRCILLA
Rajanna Sircilla,May,47.2,2023,36,0.6,8.331621622,,,RAJANNA SIRCILLA
Rajanna Sircilla,June,32.3,2023,32,0.6,9.641351351,,,RAJANNA SIRCILLA
Rajanna Sircilla,July,152.2,2023,29,0.6,5.108285714,,,RAJANNA SIRCILLA
Rajanna Sircilla,August,92,2023,28,0.6,3.682222222,,,RAJANNA SIRCILLA
Rajanna Sircilla,September,126.6,2023,29,0.6,3.323333333,,,RAJANNA SIRCILLA
Rajanna Sircilla,October,23.7,2023,28,0.6,2.901111111,,,RAJANNA SIRCILLA
Rajanna Sircilla,November,10.8,2023,25,0.6,3.670810811,,,RAJANNA SIRCILLA
Rajanna Sircilla,December,4.1,2023,23,0.6,5.267837838,,,RAJANNA SIRCILLA
Rajanna Sircilla,January,0,2024,23.5,0.6,6.42972973,,,RAJANNA SIRCILLA
Rajanna Sircilla,February,17.1,2024,25.5,0.6,7.944864865,,,RAJANNA SIRCILLA
Rajanna Sircilla,March,38.5,2024,29.5,0.6,9.642702703,,,RAJANNA SIRCILLA
Rajanna Sircilla,April,25,2024,33.5,0.6,10.52916667,,,RAJANNA SIRCILLA
Rajanna Sircilla,May,55.3,2024,36.5,0.6,8.331621622,,,RAJANNA SIRCILLA
Rajanna Sircilla,June,104.9,2024,32.5,0.6,9.641351351,,,RAJANNA SIRCILLA
Rajanna Sircilla,July,71,2024,29.5,0.6,5.108285714,,,RAJANNA SIRCILLA
Rajanna Sircilla,August,54,2024,28.5,0.6,3.682222222,,,RAJANNA SIRCILLA
Rajanna Sircilla,September,119,2024,29.5,0.6,3.323333333,,,RAJANNA SIRCILLA
Rajanna Sircilla,October,70.6,2024,28.5,0.6,2.901111111,,,RAJANNA SIRCILLA
Rajanna Sircilla,November,47.2,2024,25.5,0.6,3.670810811,,,RAJANNA SIRCILLA
Rajanna Sircilla,December,57.2,2024,23.5,0.6,5.267837838,,,RAJANNA SIRCILLA
Ranga reddy,January,2.9,2023,23,0.57,10.795,,,RANGA REDDY
Ranga reddy,February,0,2023,25,0.57,11.415,,,RANGA REDDY
Ranga reddy,March,46.4,2023,29,0.57,11.41,,,RANGA REDDY
Ranga reddy,April,74.1,2023,33,0.57,13.74,,,RANGA REDDY
Ranga reddy,May,77.5,2023,36,0.57,12.585,,,RANGA REDDY
Ranga reddy,June,69.8,2023,32,0.57,11.875,,,RANGA REDDY
Ranga reddy,July,140.7,2023,29,0.57,10.705,,,RANGA REDDY
Ranga reddy,August,43.2,2023,28,0.57,14.355,,,RANGA REDDY
Ranga reddy,September,111,2023,29,0.57,11.235,,,RANGA REDDY
Ranga reddy,October,8.2,2023,28,0.57,7.16,,,RANGA REDDY
Ranga reddy,November,34.2,2023,25,0.57,5.79,,,RANGA REDDY
Ranga reddy,December,6.9,2023,23,0.57,8.16,,,RANGA REDDY
Ranga reddy,January,0.3,2024,23.5,0.57,10.795,,,RANGA REDDY
Ranga reddy,February,0,2024,25.5,0.57,11.415,,,RANGA REDDY
Ranga reddy,March,8.5,2024,29.5,0.57,11.41,,,RANGA REDDY
Ranga reddy,April,28.2,2024,33.5,0.57,13.74,,,RANGA REDDY
Ranga reddy,May,82.8,2024,36.5,0.57,12.585,,,RANGA REDDY
Ranga reddy,June,72.1,2024,32.5,0.57,11.875,,,RANGA REDDY
Ranga reddy,July,58,2024,29.5,0.57,10.705,,,RANGA REDDY
Ranga reddy,August,98.1,2024,28.5,0.57,14.355,,,RANGA REDDY
Ranga reddy,September,137.2,2024,29.5,0.57,11.235,,,RANGA REDDY
Ranga reddy,October,41.1,2024,28.5,0.57,7.16,,,RANGA REDDY
Ranga reddy,November,34.8,2024,25.5,0.57,5.79,,,RANGA REDDY
Ranga reddy,December,40.2,2024,23.5,0.57,8.16,,,RANGA REDDY
Sangareddy,January,10.7,2023,23,0.59,9.752771084,,,SANGAREDDY
Sangareddy,February,0,2023,25,0.59,11.03566265,,,SANGAREDDY
Sangareddy,March,69.6,2023,29,0.59,11.91710843,,,SANGAREDDY
Sangareddy,April,96.3,2023,33,0.59,12.75156627,,,SANGAREDDY
Sangareddy,May,51.8,2023,36,0.59,12.42614458,,,SANGAREDDY
Sangareddy,June,66.5,2023,32,0.59,12.45756098,,,SANGAREDDY
Sangareddy,July,128.7,2023,29,0.59,10.40768293,,,SANGAREDDY
Sangareddy,August,36.1,2023,28,0.59,8.258219178,,,SANGAREDDY
Sangareddy,September,130.8,2023,29,0.59,7.933150685,,,SANGAREDDY
Sangareddy,October,18.5,2023,28,0.59,7.039452055,,,SANGAREDDY
Sangareddy,November,59.3,2023,25,0.59,7.591956522,,,SANGAREDDY
Sangareddy,December,2.7,2023,23,0.59,8.464473684,,,SANGAREDDY
Sangareddy,January,0.5,2024,23.5,0.59,9.752771084,,,SANGAREDDY
Sangareddy,February,1.9,2024,25.5,0.59,11.03566265,,,SANGAREDDY
Sangareddy,March,48.2,2024,29.5,0.59,11.91710843,,,SANGAREDDY
Sangareddy,April,66.5,2024,33.5,0.59,12.75156627,,,SANGAREDDY
Sangareddy,May,82.6,2024,36.5,0.59,12.42614458,,,SANGAREDDY
Sangareddy,June,64.5,2024,32.5,0.59,12.45756098,,,SANGAREDDY
Sangareddy,July,72,2024,29.5,0.59,10.40768293,,,SANGAREDDY
Sangareddy,August,113.9,2024,28.5,0.59,8.258219178,,,SANGAREDDY
Sangareddy,September,115.8,2024,29.5,0.59,7.933150685,,,SANGAREDDY
Sangareddy,October,107.8,2024,28.5,0.59,7.039452055,,,SANGAREDDY
Sangareddy,November,21.1,2024,25.5,0.59,7.591956522,,,SANGAREDDY
Sangareddy,December,31.4,2024,23.5,0.59,8.464473684,,,SANGAREDDY
Siddipet,January,0.2,2023,23,0.61,7.281791045,,,SIDDIPET
Siddipet,February,0,2023,25,0.61,8.633382353,,,SIDDIPET
Siddipet,March,64.3,2023,29,0.61,9.645671642,,,SIDDIPET
Siddipet,April,91.8,2023,33,0.61,10.40606061,,,SIDDIPET
Siddipet,May,61.7,2023,36,0.61,10.82242424,,,SIDDIPET
Siddipet,June,57,2023,32,0.61,11.00893939,,,SIDDIPET
Siddipet,July,186.6,2023,29,0.61,7.952878788,,,SIDDIPET
Siddipet,August,34.1,2023,28,0.61,6.596268657,,,SIDDIPET
Siddipet,September,103.8,2023,29,0.61,5.908358209,,,SIDDIPET
Siddipet,October,14.8,2023,28,0.61,5.247761194,,,SIDDIPET
Siddipet,November,30.5,2023,25,0.61,5.737164179,,,SIDDIPET
Siddipet,December,10,2023,23,0.61,6.337910448,,,SIDDIPET
Siddipet,January,0,2024,23.5,0.61,7.281791045,,,SIDDIPET
Siddipet,February,8,2024,25.5,0.61,8.633382353,,,SIDDIPET
Siddipet,March,30.3,2024,29.5,0.61,9.645671642,,,SIDDIPET
Siddipet,April,24.6,2024,33.5,0.61,10.40606061,,,SIDDIPET
Siddipet,May,50.8,2024,36.5,0.61,10.82242424,,,SIDDIPET
Siddipet,June,75.9,2024,32.5,0.61,11.00893939,,,SIDDIPET
Siddipet,July,62.7,2024,29.5,0.61,7.952878788,,,SIDDIPET
Siddipet,August,104.6,2024,28.5,0.61,6.596268657,,,SIDDIPET
Siddipet,September,222.9,2024,29.5,0.61,5.908358209,,,SIDDIPET
Siddipet,October,46.3,2024,28.5,0.61,5.247761194,,,SIDDIPET
Siddipet,November,24.8,2024,25.5,0.61,5.737164179,,,SIDDIPET
Siddipet,December,41.3,2024,23.5,0.61,6.337910448,,,SIDDIPET
Suryapet,January,14.4,2023,23,0.55,5.267837838,,,SURYAPET
Suryapet,February,0,2023,25,0.55,4.4936,,,SURYAPET
Suryapet,March,76.5,2023,29,0.55,5.2098,,,SURYAPET
Suryapet,April,47.6,2023,33,0.55,5.5894,,,SURYAPET
Suryapet,May,43.1,2023,36,0.55,5.4298,,,SURYAPET
Suryapet,June,51.7,2023,32,0.55,5.779,,,SURYAPET
Suryapet,July,184.2,2023,29,0.55,6.2402,,,SURYAPET
Suryapet,August,38.5,2023,28,0.55,5.3912,,,SURYAPET
Suryapet,September,90.2,2023,29,0.55,2.7606,,,SURYAPET
Suryapet,October,37.7,2023,28,0.55,3.7466,,,SURYAPET
Suryapet,November,46.4,2023,25,0.55,1.7566,,,SURYAPET
Suryapet,December,59.6,2023,23,0.55,2.769,,,SURYAPET
Suryapet,January,0,2024,23.5,0.55,3.939,,,SURYAPET
Suryapet,February,3.3,2024,25.5,0.55,5.267837838,,,SURYAPET
Suryapet,March,1,2024,29.5,0.55,4.4936,,,SURYAPET
Suryapet,April,17.3,2024,33.5,0.55,5.2098,,,SURYAPET
Suryapet,May,98,2024,36.5,0.55,5.5894,,,SURYAPET
Suryapet,June,81.1,2024,32.5,0.55,5.4298,,,SURYAPET
Suryapet,July,46.8,2024,29.5,0.55,5.779,,,SURYAPET
Suryapet,August,59,2024,28.5,0.55,6.2402,,,SURYAPET
Suryapet,September,341.3,2024,29.5,0.55,5.3912,,,SURYAPET
Suryapet,October,57.5,2024,28.5,0.55,2.7606,,,SURYAPET
Suryapet,November,21.3,2024,25.5,0.55,3.7466,,,SURYAPET
Suryapet,December,17,2024,23.5,0.55,1.7566,,,SURYAPET
Vikarabad,January,0.9,2023,23,0.57,9.268947368,,,VIKARABAD
Vikarabad,February,0,2023,25,0.57,11.10157895,,,VIKARABAD
Vikarabad,March,59.9,2023,29,0.57,12.41763158,,,VIKARABAD
Vikarabad,April,90,2023,33,0.57,14.68315789,,,VIKARABAD
Vikarabad,May,70.3,2023,36,0.57,13.15324324,,,VIKARABAD
Vikarabad,June,62.5,2023,32,0.57,12.9227027,,,VIKARABAD
Vikarabad,July,154.1,2023,29,0.57,10.26868421,,,VIKARABAD
Vikarabad,August,16.2,2023,28,0.57,5.0565625,,,VIKARABAD
Vikarabad,September,109.4,2023,29,0.57,5.0103125,,,VIKARABAD
Vikarabad,October,13.7,2023,28,0.57,5.563125,,,VIKARABAD
Vikarabad,November,31.3,2023,25,0.57,7.048684211,,,VIKARABAD
Vikarabad,December,2.5,2023,23,0.57,8.602368421,,,VIKARABAD
Vikarabad,January,0,2024,23.5,0.57,9.268947368,,,VIKARABAD
Vikarabad,February,0,2024,25.5,0.57,11.10157895,,,VIKARABAD
Vikarabad,March,8.2,2024,29.5,0.57,12.41763158,,,VIKARABAD
Vikarabad,April,43.2,2024,33.5,0.57,14.68315789,,,VIKARABAD
Vikarabad,May,39,2024,36.5,0.57,13.15324324,,,VIKARABAD
Vikarabad,June,81,2024,32.5,0.57,12.9227027,,,VIKARABAD
Vikarabad,July,88.1,2024,29.5,0.57,10.26868421,,,VIKARABAD
Vikarabad,August,70.2,2024,28.5,0.57,5.0565625,,,VIKARABAD
Vikarabad,September,122.6,2024,29.5,0.57,5.0103125,,,VIKARABAD
Vikarabad,October,41.7,2024,28.5,0.57,5.563125,,,VIKARABAD
Vikarabad,November,14.1,2024,25.5,0.57,7.048684211,,,VIKARABAD
Vikarabad,December,18.9,2024,23.5,0.57,8.602368421,,,VIKARABAD
Wanaparthy,January,0,2023,24,0.59,3.669230769,,,WANAPARTHY
Wanaparthy,February,0,2023,26,0.59,4.559666667,,,WANAPARTHY
Wanaparthy,March,59.2,2023,30,0.59,4.693333333,,,WANAPARTHY
Wanaparthy,April,65.9,2023,34,0.59,4.622,,,WANAPARTHY
Wanaparthy,May,82.1,2023,37,0.59,5.108333333,,,WANAPARTHY
Wanaparthy,June,30.3,2023,33,0.59,5.396333333,,,WANAPARTHY
Wanaparthy,July,91.7,2023,30,0.59,5.501666667,,,WANAPARTHY
Wanaparthy,August,46.2,2023,29,0.59,3.223076923,,,WANAPARTHY
Wanaparthy,September,109.2,2023,30,0.59,2.742307692,,,WANAPARTHY
Wanaparthy,October,6.4,2023,29,0.59,2.628461538,,,WANAPARTHY
Wanaparthy,November,39.3,2023,26,0.59,2.834615385,,,WANAPARTHY
Wanaparthy,December,5.7,2023,24,0.59,2.880769231,,,WANAPARTHY
Wanaparthy,January,0,2024,24.5,0.59,3.669230769,,,WANAPARTHY
Wanaparthy,February,0,2024,26.5,0.59,4.559666667,,,WANAPARTHY
Wanaparthy,March,0,2024,30.5,0.59,4.693333333,,,WANAPARTHY
Wanaparthy,April,13,2024,34.5,0.59,4.622,,,WANAPARTHY
Wanaparthy,May,75.8,2024,37.5,0.59,5.108333333,,,WANAPARTHY
Wanaparthy,June,97.4,2024,33.5,0.59,5.396333333,,,WANAPARTHY
Wanaparthy,July,68,2024,30.5,0.59,5.501666667,,,WANAPARTHY
Wanaparthy,August,96.5,2024,29.5,0.59,3.223076923,,,WANAPARTHY
Wanaparthy,September,122.5,2024,30.5,0.59,2.742307692,,,WANAPARTHY
Wanaparthy,October,32.4,2024,29.5,0.59,2.628461538,,,WANAPARTHY
Wanaparthy,November,8.3,2024,26.5,0.59,2.834615385,,,WANAPARTHY
Wanaparthy,December,4.4,2024,24.5,0.59,2.880769231,,,WANAPARTHY
Warangal rural,January,7.6,2023,23,0.54,4.008846154,,,WARANGAL RURAL
Warangal rural,February,0,2023,25,0.54,4.736538462,,,WARANGAL RURAL
Warangal rural,March,71.1,2023,29,0.54,5.209615385,,,WARANGAL RURAL
Warangal rural,April,73,2023,33,0.54,5.402692308,,,WARANGAL RURAL
Warangal rural,May,87.1,2023,36,0.54,4.784230769,,,WARANGAL RURAL
Warangal rural,June,33.1,2023,32,0.54,4.965384615,,,WARANGAL RURAL
Warangal rural,July,250.2,2023,29,0.54,3.702307692,,,WARANGAL RURAL
Warangal rural,August,54,2023,28,0.54,2.087692308,,,WARANGAL RURAL
Warangal rural,September,95.7,2023,29,0.54,1.773846154,,,WARANGAL RURAL
Warangal rural,October,39.8,2023,28,0.54,1.789230769,,,WARANGAL RURAL
Warangal rural,November,22.7,2023,25,0.54,2.335384615,,,WARANGAL RURAL
Warangal rural,December,55.8,2023,23,0.54,3.13,,,WARANGAL RURAL
Warangal rural,January,0,2024,23.5,0.54,4.008846154,,,WARANGAL RURAL
Warangal rural,February,0,2024,25.5,0.54,4.736538462,,,WARANGAL RURAL
Warangal rural,March,2.9,2024,29.5,0.54,5.209615385,,,WARANGAL RURAL
Warangal rural,April,3.3,2024,33.5,0.54,5.402692308,,,WARANGAL RURAL
Warangal rural,May,90.2,2024,36.5,0.54,4.784230769,,,WARANGAL RURAL
Warangal rural,June,56.3,2024,32.5,0.54,4.965384615,,,WARANGAL RURAL
Warangal rural,July,85.4,2024,29.5,0.54,3.702307692,,,WARANGAL RURAL
Warangal rural,August,94.8,2024,28.5,0.54,2.087692308,,,WARANGAL RURAL
Warangal rural,September,317.5,2024,29.5,0.54,1.773846154,,,WARANGAL RURAL
Warangal rural,October,56.7,2024,28.5,0.54,1.789230769,,,WARANGAL RURAL
Warangal rural,November,18.7,2024,25.5,0.54,2.335384615,,,WARANGAL RURAL
Warangal rural,December,33.3,2024,23.5,0.54,3.13,,,WARANGAL RURAL
Yadadri Bhuvanagiri,January,15.5,2023,23,0.5,4.913333333,,,YADADRI BHUVANAGIRI
Yadadri Bhuvanagiri,February,0,2023,25,0.5,6.060392157,,,YADADRI BHUVANAGIRI
Yadadri Bhuvanagiri,March,76.6,2023,29,0.5,6.860784314,,,YADADRI BHUVANAGIRI
Yadadri Bhuvanagiri,April,82.7,2023,33,0.5,7.617647059,,,YADADRI BHUVANAGIRI
Yadadri Bhuvanagiri,May,91.1,2023,36,0.5,7.551960784,,,YADADRI BHUVANAGIRI
Yadadri Bhuvanagiri,June,44.8,2023,32,0.5,7.82627451,,,YADADRI BHUVANAGIRI
Yadadri Bhuvanagiri,July,154.8,2023,29,0.5,4.739607843,,,YADADRI BHUVANAGIRI
Yadadri Bhuvanagiri,August,37,2023,28,0.5,4.178823529,,,YADADRI BHUVANAGIRI
Yadadri Bhuvanagiri,September,58.7,2023,29,0.5,3.470980392,,,YADADRI BHUVANAGIRI
Yadadri Bhuvanagiri,October,18.9,2023,28,0.5,2.910784314,,,YADADRI BHUVANAGIRI
Yadadri Bhuvanagiri,November,50.5,2023,25,0.5,3.085098039,,,YADADRI BHUVANAGIRI
Yadadri Bhuvanagiri,December,10,2023,23,0.5,3.967647059,,,YADADRI BHUVANAGIRI
Yadadri Bhuvanagiri,January,0.3,2024,23.5,0.5,4.913333333,,,YADADRI BHUVANAGIRI
Yadadri Bhuvanagiri,February,6.2,2024,25.5,0.5,6.060392157,,,YADADRI BHUVANAGIRI
Yadadri Bhuvanagiri,March,6.1,2024,29.5,0.5,6.860784314,,,YADADRI BHUVANAGIRI
Yadadri Bhuvanagiri,April,50.4,2024,33.5,0.5,7.617647059,,,YADADRI BHUVANAGIRI
Yadadri Bhuvanagiri,May,70.2,2024,36.5,0.5,7.551960784,,,YADADRI BHUVANAGIRI
Yadadri Bhuvanagiri,June,62,2024,32.5,0.5,7.82627451,,,YADADRI BHUVANAGIRI
Yadadri Bhuvanagiri,July,40,2024,29.5,0.5,4.739607843,,,YADADRI BHUVANAGIRI
Yadadri Bhuvanagiri,August,168.6,2024,28.5,0.5,4.178823529,,,YADADRI BHUVANAGIRI
Yadadri Bhuvanagiri,September,181.6,2024,29.5,0.5,3.470980392,,,YADADRI BHUVANAGIRI
Yadadri Bhuvanagiri,October,111.1,2024,28.5,0.5,2.910784314,,,YADADRI BHUVANAGIRI
Yadadri Bhuvanagiri,November,44.2,2024,25.5,0.5,3.085098039,,,YADADRI BHUVANAGIRI
Yadadri Bhuvanagiri,December,75.1,2024,23.5,0.5,3.967647059,,,YADADRI BHUVANAGIRI
